Inoculation,Organization,Clade,Strain,Replicate,Label,Root_DM,Shoot_DM,Total_DM,R_S_Ratio,MR_Root_DM,MR_Shoot_DM,MR_Total_DM,MR_R_S_Ratio,Bulk_Mycorrhizal_C1,Bulk_Mycorrhizal_C2,BulkMAOM_Mycorrhizal_C1,BulkMAOM_Mycorrhizal_C2,Inc_Mycorrhizal_C1,Inc_Mycorrhizal_C2,IncMAOM_Mycorrhizal_C1,IncMAOM_Mycorrhizal_C2,Bulk_SOC,Bulk_MAOC,Inc_SOC,Inc_MAOC,Incubation_effect_C1,Incubation_effect_C1_MAOM,N_Conc,S_Conc ,P_Conc,K_Conc,Mg_Conc,B_Conc, Zn_Conc ,Mn_Conc ,Fe_Conc ,Cu_Conc ,Al_Conc ,% Hyphae,% Vesicles,% Arbuscules
AMF,Homokaryon,II,330,1,330_1,8.171452328,5.6,13.77145233,1.459187916,0.457896753,0.085714286,0.54361104,0.063742969,0.113952968,21.50056,0.046330342,8.680424239,0.062914065,7.672447,0.215985282,8.150388,5.31416661,5.337336124,8.151292653,26.51611848,-0.051038903,0.16965494,9.5,0.7,1,23.4,1.8,13.83,25,659,86,5.25,47,50,13,27
AMF,Homokaryon,II,330,2,330_2,7.628422713,6.55,14.17842271,1.164644689,-0.085132862,1.035714286,0.95058142,-0.230800258,0.20925034,31.704597,0.040496097,17.60699866,0.150632442,24.693843,0.21246697,10.570496,6.566335298,2.3,6.136589896,20.09376879,-0.058617898,0.171970873,6.5,0.6,0.8,25.3,1.3,9.02,25,455,71,3.85,41,37.03703704,1.851851852,1.851851852
AMF,Homokaryon,II,330,3,330_3,5.830827068,7.3,13.13082707,0.798743434,-1.882728507,1.785714286,-0.09701422,-0.596701513,0.157517154,26.252859,0.032290898,6.772383496,0.029647423,4.561142,0.112921445,6.452654,6.036745465,4.768025652,6.454800838,17.45579529,-0.127869731,0.080630547,7.3,0.7,0.8,30.3,1.3,13.43,47,466,105,5.88,75,58.62068966,18.3908046,40.22988506
AMF,Homokaryon,II,330,4,330_4,6.83677686,5.1,11.93677686,1.340544482,-0.876778715,-0.414285714,-1.29106443,-0.054900465,0.126253634,30.060389,0.115184914,7.468931879,0.086692728,34.677091,0.063900408,2.904564,4.168997564,15.42187238,2.523080465,22.04154249,-0.039560906,-0.051284506,9.5,0.8,1.1,28.3,1.8,16.46,27,531,87,5.34,56,67.1875,1.5625,43.75
AMF,Homokaryon,II,330,5,330_5,10.37050905,5,15.37050905,2.074101809,2.656953475,-0.514285714,2.14266776,0.678656862,0.10378371,12.65655,0.097806296,5.622758739,0.030938019,8.839434,0.129120118,7.094512,8.21170165,17.39471683,3.518375662,18.19114807,-0.072845691,0.031313822,9.5,0.9,1.2,32.5,1.8,11.94,74,400,100,5.88,41,59,8,30
AMF,Homokaryon,II,330,6,330_6,9.639447732,5,14.63944773,1.927889546,1.925892157,-0.514285714,1.41160644,0.532444599,0.174721013,37.982829,0.492926993,29.8743632,0.555861335,132.347937,0.306014236,16.813969,4.583470059,16.5,4.208266965,18.19338852,0.381140322,-0.186912757,7.7,0.7,0.9,27.3,1.5,14.05,29,533,95,5.41,72,32.53012048,3.614457831,4.819277108
AMF,Homokaryon,II,330,7,330_7,7.146122103,7.3,14.4461221,0.978920836,-0.567433472,1.785714286,1.21828081,-0.416524111,0.471716468,82.757275,0.292110218,14.24927891,1.220270175,97.621614,0.897466217,35.472973,5.690710052,20.5,12.47540329,25.31103658,0.748553707,0.605355999,9.5,1,1.1,26.9,2.6,24.68,32,638,93,5.22,193,85,5,53.75
AMF,Homokaryon,I,414,1,414_1,9.200568182,4.4,13.60056818,2.091038223,1.487012607,-1.114285714,0.37272689,0.695593276,0.192631289,39.312508,0.055088067,14.88866685,0.21347472,35.57912,0.17531664,7.7232,4.869314373,3.7,6.025593791,22.70824077,0.020843431,0.120228573,11.7,1,1.2,26.2,2.5,24.84,67,1146,92,6.97,65,69,34,24
AMF,Homokaryon,I,414,2,414_2,9.770940767,5.1,14.87094077,1.915870739,2.057385192,-0.414285714,1.64309948,0.520425792,0.04392889,6.863889,0.072068962,9.239610568,0.15605259,27.866534,0.110633432,5.884757,6.386574239,7.8,5.615058233,18.75312686,0.1121237,0.03856447,8.3,0.8,1.2,31.1,2,11.34,58,512,107,6.46,95,29.33333333,1.333333333,6.666666667
AMF,Homokaryon,I,414,3,414_3,9.892057026,5.2,15.09205703,1.902318659,2.178501451,-0.314285714,1.86421574,0.506873712,0.107232431,17.579087,0.081028128,4.209394239,0.096990346,14.476171,0.105817952,5.317485,6.12430362,19.24935604,6.676942705,19.94976336,-0.010242085,0.024789824,9.3,0.7,0.9,24.9,1.6,15.5,51,534,98,5.37,58,50,28,27
AMF,Homokaryon,I,414,4,414_4,9.155720777,5.7,14.85572078,1.606266803,1.442165202,0.185714286,1.62787949,0.210821856,0.099265224,16.544204,0.132542103,6.056913427,0.109556083,8.559069,0.158237402,6.279262,5.95170702,21.88277991,12.79845297,25.18696113,0.010290859,0.025695299,9,0.9,1.4,32,1.9,15.7,46,665,80,5.3,62,64,4,12
AMF,Homokaryon,I,414,5,414_5,9.184401114,6.5,15.68440111,1.412984787,1.470845539,0.985714286,2.45655982,0.01753984,0.222898099,26.535488,0.247838321,9.745392071,0.065304484,4.732209,0.169374755,7.300636,8.448806452,25.43133401,13.83792491,23.22804655,-0.157593615,-0.078463566,9.6,0.8,1.2,30.3,1.2,7.97,24,376,65,4.38,47,76.82926829,14.63414634,21.95121951
AMF,Homokaryon,I,414,6,414_6,8.223802164,6.4,14.62380216,1.284969088,0.510246589,0.885714286,1.39596087,-0.110475859,0.248590775,33.593348,-0.142198867,-8.144880505,0.104955206,16.399251,0.316095428,12.064711,7.410181874,17.45868058,6.360136291,26.20699926,-0.143635569,0.458294295,6.8,0.7,0.9,28.1,1.4,8.85,50,527,72,4.6,169,81.39534884,24.41860465,33.72093023
AMF,Homokaryon,I,414,7,414_7,8.878616751,6.4,15.27861675,1.387283867,1.165061176,0.885714286,2.05077546,-0.00816108,0.166688155,28.739337,0.190627921,12.51840197,0.237453933,53.966803,0.135124762,7.037748,5.80989198,15.22781595,4.359016775,19.23881481,0.070765778,-0.055503159,7.9,0.7,1.2,30.9,1.1,8.66,27,369,83,4.13,43,18,0,4
AMF,Heterokaryon,I,A4,1,A4_1,9.893198091,6.18,16.07319809,1.600841115,2.179642516,0.665714286,2.8453568,0.205396168,0.021842347,4.044879,0.027379025,3.076294954,0.057466731,19.816114,0.17993826,6.790123,5.449482051,8.9,2.914066612,26.47759433,0.035624384,0.152559235,10.9,0.8,1.3,26.3,1.9,17.38,35,458,90,6.1,42,63.54166667,5.208333333,31.25
AMF,Heterokaryon,I,A4,2,A4_2,8.035984355,4.8,12.83598435,1.674163407,0.32242878,-0.714285714,-0.39185694,0.27871846,0.000932087,0.135085,0.018897518,2.746617479,0.01803709,4.194672,0.096590019,4.331391,6.932108014,6.880287575,4.262519925,22.25656525,0.017105003,0.077692501,13.5,1,1,27.2,2.1,19.66,33,897,105,7.52,70,50,13,19
AMF,Heterokaryon,I,A4,3,A4_3,10.6308096,6.5,17.1308096,1.635509168,2.917254025,0.985714286,3.90296831,0.240064221,0.277385879,40.792041,0.167520931,26.59062393,0.272502595,82.576544,0.278625947,12.722646,6.777069193,6.3,3.287770136,21.91101622,-0.004883284,0.111105016,14.5,1,0.9,30.8,1.4,12.06,42,404,114,5.39,56,33.70786517,2.247191011,9.302325581
AMF,Heterokaryon,I,A4,4,A4_4,8.504511278,7.7,16.20451128,1.104481984,0.790955703,2.185714286,2.97666999,-0.290962963,0.118902458,18.873406,-0.009138426,-0.416838694,0.062880689,14.623416,0.156020211,6.342285,6.348768352,21.92317117,4.273550597,24.56416242,-0.056021769,0.165158637,6.9,0.7,0.9,29.4,1.4,7.22,54,485,79,4.49,55,62,22,36
AMF,Heterokaryon,I,A4,5,A4_5,12.67764041,6.23,18.90764041,2.034934256,4.964084835,0.715714286,5.67979912,0.639489309,0.054179541,6.946095,0.031169084,4.155877839,0.124150262,28.872154,0.121124147,8.184064,7.818502763,7.5,4.334516978,14.83481656,0.069970721,0.089955063,7.6,0.9,1,31.6,1.3,5.6,64,330,164,5.82,92,39.58333333,6.25,9.375
AMF,Heterokaryon,I,A4,6,A4_6,10.59794669,3.9,14.49794669,2.717422227,2.884391115,-1.614285714,1.2701054,1.32197728,0.049505572,9.340674,0.006404561,0.359926272,0.091213931,12.001833,0.114801578,4.365079,5.29200995,17.79409165,7.645030242,26.30929282,0.041708359,0.108397017,10.9,1,1.2,29.3,2.4,19.15,86,700,96,6.8,58,59.03614458,7.228915663,18.07228916
AMF,Heterokaryon,I,A4,7,A4_7,9.074416191,4.2,13.27441619,2.160575284,1.360860616,-1.314285714,0.0465749,0.765130337,0.304066754,33.413929,0.289972013,50.14425075,0.086464646,21.088938,0.157071278,8.63029,9.132098213,5.782756912,4.104867517,18.21800558,-0.217602108,-0.132900735,11,0.8,1.2,23.6,2.1,18.12,25,898,91,5.13,48,59,7,34
AMF,Heterokaryon,VI,A5,1,A5_1,9.171515152,4.3,13.47151515,2.1329105,1.457959577,-1.214285714,0.24367386,0.737465553,0.057954436,11.827436,0.055890174,8.100025171,0.059673256,12.972447,0.072797135,3.293988,4.908966291,6.9,4.643889193,22.13482614,0.00171882,0.016906961,9.8,0.9,0.8,30.9,1.4,10.21,47,411,123,5.48,103,56.52173913,17.39130435,26.08695652
AMF,Heterokaryon,VI,A5,2,A5_2,7.803534402,5.2,13.0035344,1.500679693,0.089978827,-0.314285714,-0.22430689,0.105234746,0.071506957,13.242029,0.070963973,15.76977171,0.360532187,54.626089,0.134752678,6.042721,5.403591124,4.5,6.591635351,22.32634727,0.28902523,0.063788705,10.2,0.8,1.2,27.9,1.8,17.25,29,603,73,4.69,55,67,10,29
AMF,Heterokaryon,VI,A5,3,A5_3,7.477175141,5.7,13.17717514,1.311785112,-0.236380434,0.185714286,-0.05066615,-0.083659835,0.169090401,22.248737,0.033674829,14.03117859,0.076462802,18.205429,0.176032506,11.284135,7.563677459,2.4,4.211754328,15.58022976,-0.092627599,0.142357677,8,0.9,1.1,26.8,1.7,13.59,51,609,102,4.88,48,82.75862069,34.48275862,6.896551724
AMF,Heterokaryon,VI,A5,4,A5_4,9.030280572,4.6,13.63028057,1.963104472,1.316724997,-0.914285714,0.40243928,0.567659525,0.12519539,26.082373,0.201573767,22.21469706,0.032885004,4.059877,0.205396293,10.118044,4.843667634,9.073892216,8.074339806,20.34082621,-0.092310386,0.003822526,10.8,0.8,0.9,24,2.1,23.32,22,931,84,4.8,58,19.23076923,0,0
AMF,Heterokaryon,VI,A5,5,A5_5,9.156746338,4.3,13.45674634,2.129475892,1.443190763,-1.214285714,0.22890505,0.734030945,0.125319728,15.664966,0.074257736,16.87675814,0.251429946,36.974992,0.187177408,8.829123,7.977254593,4.4,6.803574862,21.18819232,0.126110218,0.112919672,10.3,1.1,1,28.7,2,25.73,41,935,108,5.67,51,65.85365854,17.07317073,26.82926829
AMF,Heterokaryon,VI,A5,6,A5_6,5.346920821,8.7,14.04692082,0.6145886,-2.366634754,3.185714286,0.81907953,-0.780856347,0.140666097,18.508697,0.087154639,10.22012428,0.232353176,44.683303,0.265306127,11.535049,7.565223584,8.527747445,5.201222647,22.98825907,0.091687079,0.178151488,8.5,0.8,1,27.2,1.7,10.15,38,600,64,4.67,66,54.38596491,19.29824561,3.50877193
AMF,Heterokaryon,VI,A5,7,A5_7,6.675268817,9.4,16.07526882,0.710134981,-1.038286758,3.885714286,2.84742753,-0.685309966,0.238179267,46.701817,0.077285543,4.118099034,0.048463325,10.096526,0.193921517,7.819416,5.134799749,18.76728614,4.754953153,24.7735112,-0.189715942,0.116635974,6.8,0.7,1.1,29,1.1,8.01,28,347,96,4.58,60,61.29032258,16.12903226,16.12903226
AMF,Homokaryon,VI,B3,1,B3_1,7.170332851,7,14.17033285,1.024333264,-0.543222724,1.485714286,0.94249156,-0.371111683,0.104169226,14.467948,0.018020744,0.74486013,0.123522533,29.410127,0.056719909,6.232957,7.18850012,24.1934602,4.156654704,9.071416501,0.019353307,0.038699165,8.5,0.9,0.7,27.2,1.8,11.45,24,578,65,4.09,60,71.875,15.625,31.25
AMF,Homokaryon,VI,B3,2,B3_2,9.334503361,5.4,14.73450336,1.728611733,1.620947786,-0.114285714,1.50666207,0.333166786,0.113984796,21.920153,-0.011198424,-0.421957276,0.073923897,17.191604,0.217028557,10.001316,5.186297303,26.53923603,4.349873595,21.70152192,-0.040060899,0.228226981,10,0.7,0.6,29.3,1.1,6.97,54,322,150,5.14,82,18.6440678,0,5.084745763
AMF,Homokaryon,VI,B3,3,B3_3,11.33459921,7.69,19.02459921,1.473940079,3.621043635,2.175714286,5.79675792,0.078495132,0.39047636,46.485281,0.222183589,11.94535424,0.199545139,22.675584,0.048423461,12.416272,8.359982113,18.6,8.766808057,3.86536502,-0.190931221,-0.173760128,8.2,0.7,0.8,26.5,1.4,13.63,26,518,99,4.1,200,61.42857143,2.857142857,25.71428571
AMF,Homokaryon,VI,B3,4,B3_4,5.932352941,7.7,13.63235294,0.770435447,-1.781202634,2.185714286,0.40451165,-0.6250095,0.096251574,16.595099,0.053723368,2.914832837,0.089992615,15.788178,0.131569088,5.847515,5.803663855,18.43102874,5.701374094,22.50383527,-0.006258959,0.07784572,11.5,1,0.9,30.6,1.7,26.14,44,517,88,5.86,62,73.41772152,3.797468354,30.37974684
AMF,Homokaryon,VI,B3,5,B3_5,8.362171216,6.04,14.40217122,1.384465433,0.648615641,0.525714286,1.17432993,-0.010979514,0.149054275,22.583981,0.055190116,11.26328906,0.075918599,17.254227,0.025036046,1.009518,6.577521629,4.9,4.393095736,24.7830844,-0.073135676,-0.03015407,9.7,0.8,1.1,30.1,2,13.05,29,416,93,5.3,55,20.87912088,2.197802198,8.791208791
AMF,Homokaryon,VI,B3,6,B3_6,8.709073234,6,14.70907323,1.451512206,0.995517659,0.485714286,1.48123194,0.056067259,0.179525178,28.050809,0.026930605,11.70895854,0.180532295,41.030067,0.177397787,7.240726,6.426101635,2.3,4.374113204,24.46546722,0.001007117,0.150467182,6.3,0.6,1,31.3,1.2,6.64,24,289,76,4.16,60,59.3220339,13.55932203,33.89830508
AMF,Homokaryon,VI,B3,7,B3_7,8.429323758,5,13.42932376,1.685864752,0.715768183,-0.514285714,0.20148247,0.290419805,0.045686337,11.143009,0.08347955,12.64841663,0.23897606,41.202769,0.030287057,3.933384,4.076235746,6.6,5.849798933,7.673595921,0.193289723,-0.053192493,8.7,0.8,0.9,27.8,1.8,15.46,39,577,90,4.78,57,27.02702703,13.51351351,9.459459459
AMF,Homokaryon,V,C2,1,C2_1,8.530481283,3.9,12.43048128,2.187302893,0.816925708,-1.614285714,-0.79736001,0.791857946,0,0,0.075875592,11.15817537,0,0,0.05428673,12.925412,13.13906721,6.8,8.966389108,4.245349262,0,-0.021588862,9.9,0.9,1,24.7,2.2,21.81,65,699,79,5.85,56,46.93877551,14.28571429,20.40816327
AMF,Homokaryon,V,C2,2,C2_2,9.033282032,5.8,14.83328203,1.557462419,1.319726457,0.285714286,1.60544074,0.162017472,0.043255464,5.925406,0.013529981,0.920809192,0.068801039,11.661193,0.127427183,6.742179,7.341916197,14.69357749,5.866297445,18.91665852,0.025545575,0.113897202,8.4,0.9,1.3,31.2,1.6,10.81,32,534,101,5.11,52,36,2,6
AMF,Homokaryon,V,C2,3,C2_3,6.937948718,6.3,13.23794872,1.101261701,-0.775606857,0.785714286,0.01010743,-0.294183246,0.028970703,3.408318,0.167664023,11.5630361,0.098519988,24.629997,0.144172251,6.241223,8.485382225,14.5,4.046399828,23.12597425,0.069549285,-0.023491772,6.7,0.7,0.8,29.6,1.4,9.08,52,396,96,4.82,77,51.25,17.5,11.25
AMF,Homokaryon,V,C2,4,C2_4,8.406269592,4.95,13.35626959,1.698236281,0.692714017,-0.564285714,0.1284283,0.302791334,0.153351379,31.948204,0.087039883,12.43426901,0.195439971,15.761288,0.119397085,5.080727,4.790376492,7,12.35007059,23.46119324,0.042088592,0.032357202,9.8,1,1,34,1.8,11.22,59,562,119,5.86,70,56.57894737,18.42105263,34.21052632
AMF,Homokaryon,V,C2,5,C2_5,12.285202,4.2,16.485202,2.925048095,4.571646425,-1.314285714,3.25736071,1.529603148,0.084777293,13.673757,0.020946582,1.076884731,0.043825134,10.689057,0.068174365,3.003276,6.201056177,19.45108999,4.066222611,22.65960803,-0.040952159,0.047227783,9,1.1,1.4,39.2,1.7,10.37,25,542,74,5.3,59,51.92307692,15.38461538,17.30769231
AMF,Homokaryon,V,C2,6,C2_6,12.35116279,4.8,17.15116279,2.573158915,4.637607215,-0.714285714,3.9233215,1.177713968,0.226208132,34.801251,0.012918166,5.578719682,0.231741522,32.639651,0.105479451,13.69863,6.489066275,2.315614832,7.089476604,7.681892685,0.00553339,0.092561285,7.7,0.7,1.1,23.8,2.1,15.55,24,760,74,6.36,51,48,2,15
AMF,Homokaryon,V,C2,7,C2_7,11.82443709,3.8,15.62443709,3.11169397,4.110881515,-1.714285714,2.3965958,1.716249023,0.011429249,1.377018,0.062963863,7.074591348,0.018427713,6.142571,0.067085952,2.620545,8.324400139,8.9,3.037737297,25.60715813,0.006998464,0.004122089,12.7,1,1.2,26.7,2.6,13.83,33,620,133,6.02,64,54,9,34
Control,Control,Control,Control,1,FC_1,7.59244898,5.36,12.95244898,1.416501675,-0.121106595,-0.154285714,-0.27539231,0.021056728,0.191630148,23.658043,0.063060951,10.87257778,0.031629835,4.584034,0.05724622,2.713091,8.110813296,5.8,6.865870117,21.0838749,-0.160000313,-0.005814731,15.5,0.9,0.7,27.2,1.7,8.58,45,432,127,5.36,68,0,0,0
Control,Control,Control,Control,2,FC_2,11.27222222,6.89,18.16222222,1.636026447,3.558666645,1.375714286,4.93438093,0.2405815,0.039398803,4.528598,0.065349905,19.80300165,0.138462608,30.100567,0.248879131,9.876156,8.656681758,3.3,4.597770911,25.23042678,0.099063805,0.183529226,11.1,0.8,0.6,28.7,1.6,9.62,67,241,110,6.04,68,0,0,0
Control,Control,Control,Control,3,FC_3,6.76349953,4.9,11.66349953,1.380306026,-0.950056045,-0.614285714,-1.56434176,-0.015138921,0.103372886,18.135594,0.086148,18.43644945,0,0,0.205968694,7.743184,5.676210915,27.8,13.43610882,26.56014436,-0.103372886,-0.306564601,13.3,0.8,0.6,25.7,1.5,19.84,30,383,125,5.45,69,0,0,0
Control,Control,Control,Control,4,FC_4,6.900546946,5.4,12.30054695,1.277879064,-0.813008629,-0.114285714,-0.92729434,-0.117565883,0.160047115,28.579842,0.039585067,8.488704669,0.167870566,30.521921,0.237402494,11.358971,5.632611626,4.663263517,5.466133057,20.92363615,0.007823451,0.197817427,12.4,0.9,0.7,23.8,1.8,12.32,33,395,98,5.51,47,0,0,0
Control,Control,Control,Control,5,FC_5,6.458174905,5.7,12.1581749,1.133013141,-1.25538067,0.185714286,-1.06966639,-0.262431806,0.299814796,41.07052,0.075422817,12.53500713,0.268486573,41.951027,0.160014531,31.095612,7.300251442,6.016974379,6.442151409,19.30283092,-0.031328223,0.524722495,13.6,0.8,0.6,25.2,1.1,10.68,30,219,111,4.13,54,0,0,0
Control,Control,Control,Control,6,FC_6,8.284738956,4.9,13.18473896,1.690763052,0.571183381,-0.614285714,-0.04310233,0.295318105,0.177627912,106.339606,0.132711106,21.06525488,0.438793458,86.037933,0.152388945,21.470879,7.312887835,6.3,5.051003604,24.43770185,-0.337485666,0.391178342,13.1,0.8,0.5,28.4,1.2,9.24,45,287,112,4.41,67,0,0,0
Control,Control,Control,Control,7,FC_7,6.723257485,5.45,12.17325749,1.233625227,-0.99029809,-0.064285714,-1.0545838,-0.16181972,0.06836216,18.989489,0.029320827,3.665103427,0.027462833,7.041752,0.094965763,5.426615,3.622067862,8,3.873731369,17.49130543,-0.040899327,0.065644936,11,0.8,0.7,32,1,4.15,35,202,111,13.23,462,0,0,0
AMF,Heterokaryon,IV,G1,1,G1_1,5.785921626,5.3,11.08592163,1.091683326,-1.927633949,-0.214285714,-2.14191966,-0.303761621,0.078367884,19.591971,0.137804752,7.103063855,0.042539359,7.877659,0.218083887,12.606005,4.038385856,19.40074795,5.419627081,17.28057332,-0.035828525,0.080279135,12.1,1.1,1.3,22.9,2.8,25.1,28,976,84,6.76,44,66,5,4
AMF,Heterokaryon,IV,G1,2,G1_2,15.44988645,5.7,21.14988645,2.710506395,7.736330875,0.185714286,7.92204516,1.315061448,0.165026648,41.256662,0.085013925,5.60397717,0.058894241,13.696335,0.414178754,24.801123,3.992961848,15.17028391,4.265148899,16.68702054,-0.106132407,0.329164829,8.2,0.7,1.1,27.7,1.6,11.88,27,486,65,4.31,52,77.77777778,12.34567901,33.33333333
AMF,Heterokaryon,IV,G1,3,G1_3,8.755225653,5.7,14.45522565,1.536004501,1.041670078,0.185714286,1.22738436,0.140559554,0.186370164,32.69652,0.359648508,17.20806261,0.184464976,46.116244,0.206081421,11.323155,5.745007419,20.9,3.957964365,18.18781661,-0.001905188,-0.153567087,7.6,0.8,1.2,28.6,1.2,5.69,29,421,63,5.1,54,51,1,20
AMF,Heterokaryon,IV,G1,4,G1_4,11.03915877,6,17.03915877,1.839859795,3.325603195,0.485714286,3.81131748,0.444414848,0.073084526,19.23277,0.022651141,12.86450096,0.048481512,16.160504,0.182092357,7.882786,3.828174442,1.760747726,2.955615689,23.11436513,-0.024603014,0.159441216,6.9,0.6,1,23.3,1.5,9.86,34,470,76,4.77,70,50,5,19
AMF,Heterokaryon,IV,G1,5,G1_5,10.6083276,5.4,16.0083276,1.964505111,2.894772025,-0.114285714,2.78048631,0.569060164,0.081252945,10.833726,0.066542114,11.67405516,0.125345577,41.781859,0.179375008,6.925676,7.50513816,5.7,2.972088194,25.85482121,0.044092632,0.112832894,6.1,0.6,0.9,28.6,1.1,9.53,27,312,75,4.36,61,70.37037037,24.69135802,14.81481481
AMF,Heterokaryon,IV,G1,6,G1_6,10.37341679,7.7,18.07341679,1.347196986,2.659861215,2.185714286,4.8455755,-0.048247961,0.090835368,14.891044,0.230404573,8.533502704,0.060478295,15.507255,0.077396738,4.138863,6.145034994,27,3.925990437,18.73766715,-0.030357073,-0.153007835,7.6,0.7,0.9,23.4,1.4,8.78,24,374,98,4.84,48,76,12,36
AMF,Heterokaryon,IV,G1,7,G1_7,6.962218774,5.4,12.36221877,1.289299773,-0.751336801,-0.114285714,-0.86562252,-0.106145174,0.13071758,19.805694,0.290245412,15.00541121,0.022600398,4.91313,0.206867205,9.194098,6.596227102,19.3427163,4.576799512,22.46240931,-0.108117182,-0.083378207,7.2,0.7,1.2,25.7,1.7,8.54,59,396,87,5.2,74,51.78571429,0,5.357142857
AMF,Mix,Mix,Mix,1,Mix_1,8.198541477,4.4,12.59854148,1.863304881,0.484985902,-1.114285714,-0.62929981,0.467859934,0.038603714,5.079436,0.006336157,3.524540988,0.027372954,2.55822,0.081373184,3.17864,7.640814274,1.797725375,10.69007557,25.55198431,-0.01123076,0.075037027,13.6,1.2,0.9,29.6,1.5,14.67,31,297,83,5.06,49,78,3,40
AMF,Mix,Mix,Mix,2,Mix_2,8.908723864,4.8,13.70872386,1.855984138,1.195168289,-0.714285714,0.48088257,0.460539191,0.424891921,62.484106,0.023088697,13.49252846,0.253531748,63.382937,0.509218395,21.129394,6.798130082,1.711220946,4.046094875,24.0883691,-0.171360173,0.486129698,9.7,0.9,1,28.9,1.7,14.06,37,716,88,4.79,58,39,3,14
AMF,Mix,Mix,Mix,3,Mix_3,8.920024722,4.7,13.62002472,1.8978776,1.206469147,-0.814285714,0.39218343,0.502432653,0.103109445,13.747926,0.00991229,1.656216985,0.118095073,32.804187,0.036341325,2.007808,7.507893926,5.984897937,3.602807932,18.11566188,0.014985628,0.026429035,13.7,0.9,0.8,24.5,1.7,22.9,30,782,81,4.98,33,10.71428571,0,0
AMF,Mix,Mix,Mix,4,Mix_4,9.750144648,5.2,14.95014465,1.875027817,2.036589073,-0.314285714,1.72230336,0.47958287,0.135124654,18.767313,0.034268544,2.601133428,0.17398311,39.541616,0.228229668,12.679426,7.184734118,13.17446619,4.39983172,17.9771761,0.038858456,0.193961124,9.4,0.8,0.8,22.7,2.3,21.44,39,612,73,4.73,42,2.857142857,0,0
AMF,Mix,Mix,Mix,5,Mix_5,16.12042629,4.5,20.62042629,3.582316953,8.406870715,-1.014285714,7.392585,2.186872006,0.086850423,12.772121,0.087432713,9.935535604,0.067903038,9.84102,0.313333335,13.925926,6.833173433,8.8,6.946218592,22.50135878,-0.018947385,0.225900622,10.6,0.9,1.1,24.3,2.5,25.48,38,1064,78,5.76,54,53,6,14
AMF,Mix,Mix,Mix,6,Mix_6,9.451344974,4.8,14.25134497,1.969030203,1.737789399,-0.714285714,1.02350368,0.573585256,0.134097888,27.93706,0.228027049,35.62922646,0.349430214,74.346854,0.273064837,11.425307,4.768315819,6.4,4.732691534,23.89283951,0.215332326,0.045037788,14.1,1.1,1.3,28,2.7,32.15,35,804,95,6.34,33,62,18,24
AMF,Mix,Mix,Mix,7,Mix_7,9.729154796,4.8,14.5291548,2.026907249,2.015599221,-0.714285714,1.30131351,0.631462302,0,0,0.083018871,15.09434011,0.050339811,8.989252,0.302310791,9.751961,11.90078208,5.5,5.610822646,30.97940564,0.050339811,0.21929192,9.6,0.9,0.8,26.3,1.8,15.15,47,647,86,5.72,94,60,10,29
AMF,Mix,Mix,Mix,8,Mix_X1,7.838122066,6.08,13.91812207,1.289164813,0.124566491,0.565714286,0.69028078,-0.106280134,0.0979057,19.980755,0.053641571,2.372110779,0.10273412,20.143945,0.33112055,11.41795,4.904870274,22.61343402,5.057267427,29.04820833,0.00482842,0.277478979,8.4,0.7,0.9,29.1,1.2,9.16,33,493,121,4.37,77,45,2.5,16.25
AMF,Mix,Mix,Mix,9,Mix_X2,9.150526316,8.54,17.69052632,1.071490201,1.436970741,3.025714286,4.46268503,-0.323954746,0.092647834,16.254006,0.033154912,4.19682434,0.09756057,20.757568,0.108761294,5.816112,5.749783416,7.9,4.701430731,18.73395409,0.004912736,0.075606382,9.9,1,0.9,26.4,1.8,20.21,36,899,91,4.98,45,56.84210526,22.10526316,27.36842105
AMF,Mix,Mix,Mix,10,Mix_X3,8.653888372,6,14.65388837,1.442314729,0.940332797,0.485714286,1.42604708,0.046869782,0.0991407,21.552326,0.051615595,6.764220258,0.063771597,11.809555,0.098314349,4.867047,4.602540869,7.630679198,5.403124742,20.1833193,-0.035369103,0.046698754,13.2,0.9,1.2,23.1,2.1,21.78,35,383,96,5.99,216,79.7752809,19.1011236,59.5505618
AMF,Heterokaryon,II,SL1,1,SL1_1,9.638085218,5.5,15.13808522,1.752379131,1.924529643,-0.014285714,1.91024393,0.356934184,0.269249709,42.738049,0.135500654,6.965967583,0.063681628,11.792894,0.310450879,11.048074,6.323020306,19.45180652,5.411259973,28.11986092,-0.205568081,0.174950225,8.5,0.7,1.1,26.4,1.8,15.7,44,461,77,5.06,62,47.87234043,0,0
AMF,Heterokaryon,II,SL1,2,SL1_2,17.20860927,7.43,24.63860927,2.316098152,9.495053695,1.915714286,11.41076798,0.920653205,0.68656069,50.113919,0.041088951,19.93665526,0.12493709,24.987418,0.177742032,8.628254,13.69272479,2.060975167,4.955057145,20.60836419,-0.5616236,0.136653081,9,0.8,1,23.8,1.8,10.17,27,794,90,4.6,46,46.66666667,10,10
AMF,Heterokaryon,II,SL1,3,SL1_3,10.03509572,5.6,15.63509572,1.791981378,2.321540145,0.085714286,2.40725443,0.396536431,0.340561127,60.814487,0.197660578,9.238887713,0.241342368,50.27966,0.085955058,20.46549,5.578958417,21.3944129,4.750892364,4.235168401,-0.099218759,-0.11170552,9.5,0.8,1.1,27.6,1.9,14.24,25,717,92,4.7,56,32.60869565,2.173913043,13.04347826
AMF,Heterokaryon,II,SL1,4,SL1_4,11.5139514,5.9,17.4139514,1.951517186,3.800395825,0.385714286,4.18611011,0.556072239,0.077292808,20.889948,0.520515003,23.34147998,0.07436291,5.676558,0.089664372,5.337165,3.666865336,22.3,13.11917433,16.84083597,-0.002929898,-0.430850631,7.7,0.7,0.8,23.5,1.7,19.37,41,639,69,4.04,44,60,1.428571429,17.14285714
AMF,Heterokaryon,II,SL1,5,SL1_5,8.403670972,5.2,13.60367097,1.616090572,0.690115397,-0.314285714,0.37582968,0.220645625,0.071671766,9.954412,0.027908842,4.104241399,0.034397566,4.144285,0.199851432,7.657143,7.180407851,6.8,8.304791056,26.11524865,-0.0372742,0.17194259,10.6,1,1.1,31.7,1.8,10.77,54,453,95,6.39,65,33.33333333,0,13.33333333
AMF,Heterokaryon,II,SL1,6,SL1_6,10.06808511,5.3,15.36808511,1.899638699,2.354529535,-0.214285714,2.14024382,0.504193752,0.075630297,12.198435,0.035595173,10.78641605,0.072808181,8.77207,0.105507061,5.927363,6.202806797,3.3,8.27676388,17.8148372,-0.002822116,0.069911888,8.7,0.8,1,27.5,1.9,18.3,40,621,94,4.22,44,43.58974359,7.692307692,22.22222222
AMF,Heterokaryon,II,SL1,7,SL1_7,8.757488555,3.9,12.65748855,2.245509886,1.04393298,-1.614285714,-0.57035274,0.850064939,0.044581838,5.944245,0.013453448,0.573628473,0.052473914,15.901186,0.089121635,4.284694,7.529560172,23.4532422,3.274036842,20.78750414,0.007892076,0.075668187,6.7,0.9,1,29.2,1.2,5.29,95,378,120,5.46,63,56.75675676,1.351351351,10.81081081
